id,transaction_id,summary,retrieval_query,typology_analysis,sar_draft,retrieved_sources,category,match_strength
1,0,"The transaction involved a cash out of $143,332.00 from the origin account, which was fully drained as a result. The destination account received the funds, increasing its balance from $482,652.15 to $626,984.15, but the reported balance after the transaction was $716,367.34, indicating a discrepancy. The origin account had no balance error, while the destination account had a balance error of -$90,383.19. This suggests an inconsistency in the destination account's balance reporting.",rapid full account drain immediate large withdrawal after account access account takeover,"The evidence supports the category of ACCOUNT TAKEOVER / UNAUTHORIZED ACCESS FRAUD. The FinCEN advisory (FIN-2011-A016) provides guidance on identifying account takeover activity, which includes inconsistencies with a customer's normal account activity, such as unusual transactions or changes to customer and account profiles. The transaction summary's mention of a balance discrepancy in the destination account, indicating an inconsistency in balance reporting, aligns with the advisory's description of potential account takeover activity. Although the match is not extremely strong, the advisory's discussion of account takeover characteristics, such as unauthorized access and inconsistencies in account activity, provides a more plausible explanation for the transaction than the characteristics of money laundering typologies.","## Transaction Overview
The subject transaction involved a cash out of $143,332.00 from the origin account, resulting in the account being fully drained. The funds were transferred to a destination account, which initially had a balance of $482,652.15. Following the transaction, the balance of the destination account was reported to be $626,984.15, but a subsequent report indicated a balance of $716,367.34, revealing a discrepancy. Notably, the origin account did not exhibit any balance errors, whereas the destination account showed a balance error of -$90,383.19, suggesting an inconsistency in the reporting of its balance.

## Red Flags Identified
Several red flags have been identified in this transaction. Firstly, the significant cash out from the origin account, which resulted in the account being fully drained, is unusual and warrants scrutiny. Additionally, the discrepancy in the reported balance of the destination account, coupled with the balance error, indicates potential inconsistencies in account activity and balance reporting. These inconsistencies are red flags that may suggest unauthorized access or manipulation of the destination account.

## Typology Match
The characteristics of this transaction align with the ACCOUNT TAKEOVER / UNAUTHORIZED ACCESS FRAUD typology, as outlined in the FinCEN advisory (FIN-2011-A016). The advisory highlights inconsistencies in customer account activity, such as unusual transactions or changes to customer and account profiles, as indicators of potential account takeover activity. Although the match is not extremely strong, the presence of a balance discrepancy and inconsistency in balance reporting in the destination account provides a plausible explanation for the transaction that is more aligned with account takeover characteristics than with money laundering typologies.

## Recommended Action
Based on the analysis, it is recommended to file a Suspicious Activity Report (SAR) with FinCEN. The inconsistencies in the transaction, particularly the balance discrepancy and error in the destination account, along with the significant cash out from the origin account, justify further scrutiny and reporting. Filing a SAR will facilitate a more comprehensive review and potentially aid in the identification and prevention of further unauthorized or fraudulent activities.","[""FIN-2011-A016.pdf"", ""FIN-2011-A016.pdf"", ""FIN-2011-A016.pdf"", ""FIN-2011-A016.pdf"", ""FIN-2011-A016.pdf"", ""FIN-2011-A016.pdf"", ""FIN-2011-A016.pdf"", ""FIN-2011-A016.pdf""]",Account Takeover,Strong
2,1,"This transaction is a transfer of $87,622.50 from the origin account to the destination account. The origin account was fully drained as a result, with its balance going from $87,622.50 to $0.00. However, the destination account balance remained at $0.00 after the transaction, which is unusual as the expected balance after the transfer would be $87,622.50. A balance error of $87,622.50 was recorded for the destination account.",malware credential theft sudden wire transfer unusual account activity account takeover unauthorized access,"The evidence supports the category of ACCOUNT TAKEOVER / UNAUTHORIZED ACCESS FRAUD. The specific source document that justifies this classification is FIN-2011-A016.pdf, which describes account takeover activity as involving ""unauthorized access to PINs, account numbers, and other identifying information"" and notes that such activity can result in ""sudden wire transfers"" that are inconsistent with a customer's normal account activity. The transaction summary's description of the origin account being fully drained and the destination account balance remaining at $0.00 after the transaction is consistent with the characteristics of account takeover activity described in the FinCEN advisory. The match is relatively strong, as the unusual transaction pattern and balance error are indicative of unauthorized access to the origin account.","## Transaction Overview
The subject transaction involves a transfer of $87,622.50 from the origin account to the destination account, resulting in the origin account being fully drained with its balance going from $87,622.50 to $0.00. However, the destination account balance remained at $0.00 after the transaction, indicating a balance error of $87,622.50.

## Red Flags Identified
Several red flags have been identified in this transaction. Firstly, the origin account was fully drained in a single transaction, which is unusual and may indicate unauthorized access. Secondly, the destination account balance did not reflect the expected increase of $87,622.50 after the transfer, suggesting a potential issue with the transaction. The resulting balance error of $87,622.50 in the destination account further supports the presence of suspicious activity.

## Typology Match
The characteristics of this transaction are consistent with the ACCOUNT TAKEOVER / UNAUTHORIZED ACCESS FRAUD category, as described in FIN-2011-A016.pdf. The sudden and complete draining of the origin account, coupled with the inconsistent balance in the destination account, aligns with the patterns of account takeover activity outlined in the FinCEN advisory. The match is considered relatively strong due to the unusual transaction pattern and the presence of a balance error, which are indicative of unauthorized access to the origin account.

## Recommended Action
Based on the analysis, it is recommended to file a Suspicious Activity Report (SAR) with FinCEN. The unusual transaction pattern, balance error, and match with known account takeover typology warrant further investigation and reporting to regulatory authorities. Additionally, the transaction should be escalated for manual review to ensure that all necessary steps are taken to prevent potential fraud and protect the accounts involved.","[""FIN-2011-A016.pdf"", ""FIN-2011-A016.pdf"", ""FIN-2011-A016.pdf"", ""FIN-2011-A016.pdf"", ""FIN-2011-A016.pdf"", ""FIN-2011-A016.pdf"", ""FIN-2016-A003.pdf"", ""ML_using_new_payment_methods.pdf""]",Account Takeover,Strong
3,2,"The transaction involved a cash out of $90,204.54 from the origin account, resulting in the origin account being fully drained to a balance of $0.00. The destination account received the full amount, increasing its balance from $0.00 to $90,204.54. The transaction was classified as a CASH_OUT type. The fact that the origin account was fully drained in a single transaction is notable, as is the large amount involved.",rapid full account drain immediate large withdrawal after account access account takeover,"The evidence supports the category of ACCOUNT TAKEOVER / UNAUTHORIZED ACCESS FRAUD. The FinCEN advisory (FIN-2011-A016.pdf) provides guidance on identifying account takeover activity, which includes ""unusual"" and ""sudden"" transactions, such as the large cash out transaction described in the transaction summary. The advisory notes that account takeover activity often involves unauthorized access to account information, which is consistent with the origin account being fully drained in a single transaction. Although the match is not extremely strong, as the excerpts do not explicitly mention a single transaction draining an account, the language and context of the advisory suggest that account takeover is a more plausible explanation than money laundering typology.","## Transaction Overview
The subject transaction involved a cash out of $90,204.54 from the origin account, resulting in the origin account being fully drained to a balance of $0.00. The destination account received the full amount, increasing its balance from $0.00 to $90,204.54. This transaction was classified as a CASH_OUT type.

## Red Flags Identified
Notable red flags associated with this transaction include the large amount of $90,204.54 involved and the fact that the origin account was fully drained in a single transaction. These characteristics are unusual and warrant further scrutiny.

## Typology Match
The evidence supports a typology match with ACCOUNT TAKEOVER / UNAUTHORIZED ACCESS FRAUD, as guided by the FinCEN advisory (FIN-2011-A016.pdf). Although the advisory does not explicitly describe a single transaction draining an account, it does highlight ""unusual"" and ""sudden"" transactions as indicative of account takeover activity. The sudden and complete drainage of the origin account in this transaction aligns with the advisory's description of account takeover characteristics, suggesting unauthorized access to account information.

## Recommended Action
Based on the analysis, it is recommended to file a Suspicious Activity Report (SAR) due to the potential account takeover/unauthorized access fraud indicated by the large, sudden cash out transaction that fully drained the origin account. This action is necessary to report the suspicious activity to the appropriate regulatory authorities for further review and potential investigation.","[""FIN-2011-A016.pdf"", ""FIN-2011-A016.pdf"", ""FIN-2011-A016.pdf"", ""FIN-2011-A016.pdf"", ""FIN-2011-A016.pdf"", ""FIN-2011-A016.pdf"", ""FIN-2011-A016.pdf"", ""FIN-2011-A016.pdf""]",Account Takeover,Strong
4,3,"The transaction involved a cash out of $635,409.32 from the origin account, resulting in the origin account being fully drained to a balance of $0.00. The destination account received the funds, increasing its balance from $1,500,157.41 to $2,135,566.73. The transaction was processed without any balance errors at either the origin or destination accounts. The transaction type was classified as a CASH_OUT, indicating a withdrawal of funds from the origin account.",rapid full account drain immediate large withdrawal after account access account takeover,"The evidence supports the category of ACCOUNT TAKEOVER / UNAUTHORIZED ACCESS FRAUD. The FinCEN advisory (FIN-2011-A016.pdf) provides guidance on identifying account takeover activity, which includes ""unusual"" transactions such as ""sudden wire transfers"" and ""changes to customer and account profiles"". The transaction summary, which describes a single large cash out transaction that fully drains the origin account, is consistent with the characteristics of account takeover activity described in the advisory. Although the match is not extremely strong, the advisory's description of account takeover activity as involving ""unauthorized access to... account numbers, and other identifying information"" (FIN-2011-A016.pdf) provides some justification for this classification.","## Transaction Overview
The transaction in question involved a cash out of $635,409.32 from the origin account, resulting in the account being fully drained to a balance of $0.00. The funds were transferred to a destination account, increasing its balance from $1,500,157.41 to $2,135,566.73. The transaction was processed without any balance errors and was classified as a CASH_OUT, indicating a withdrawal of funds from the origin account.

## Red Flags Identified
Several red flags have been identified in this transaction. The most notable is the large amount of the cash out, which fully drained the origin account. This sudden and significant withdrawal is unusual and warrants further scrutiny. Additionally, the transaction's characteristics, such as its size and the fact that it fully depleted the origin account, are indicative of potential fraudulent activity.

## Typology Match
The evidence supports a typology match with ACCOUNT TAKEOVER / UNAUTHORIZED ACCESS FRAUD, as described in the FinCEN advisory (FIN-2011-A016.pdf). The advisory highlights ""unusual"" transactions, including ""sudden wire transfers"" and changes to customer and account profiles, as indicative of account takeover activity. While the match is not extremely strong, the advisory's description of account takeover involving ""unauthorized access to... account numbers, and other identifying information"" provides some justification for this classification.

## Recommended Action
Based on the analysis, it is recommended to file a Suspicious Activity Report (SAR) with FinCEN. The transaction's characteristics, combined with the typology match, suggest potential account takeover or unauthorized access fraud. Filing a SAR will allow for further review and investigation into the transaction and potentially prevent further fraudulent activity. Additionally, the destination account and any related parties should be subject to enhanced monitoring to detect any subsequent suspicious transactions.","[""FIN-2011-A016.pdf"", ""FIN-2011-A016.pdf"", ""FIN-2011-A016.pdf"", ""FIN-2011-A016.pdf"", ""FIN-2011-A016.pdf"", ""FIN-2011-A016.pdf"", ""FIN-2011-A016.pdf"", ""FIN-2011-A016.pdf""]",Account Takeover,Strong
5,4,"This transaction is a transfer of $526,119.49 from the origin account to the destination account. The origin account was fully drained as a result, with its balance decreasing from $526,119.49 to $0.00. However, the destination account balance remained at $0.00 after the transaction, which is unusual as the expected balance after the transfer would be $526,119.49. A balance error of $526,119.49 was recorded for the destination account.",malware credential theft sudden wire transfer unusual account activity account takeover unauthorized access,"The evidence supports the category of ACCOUNT TAKEOVER / UNAUTHORIZED ACCESS FRAUD. This classification is justified by the FinCEN advisory (FIN-2011-A016.pdf) which describes account takeover activity as involving ""unauthorized access to PINs, account numbers, and other identifying information"" and notes that such activity may involve ""sudden wire transfers"" that are inconsistent with a customer's normal account activity. The transaction summary's description of the origin account being fully drained and the destination account balance remaining at $0.00 after the transaction is consistent with the advisory's description of account takeover activity. The match is not weak, as the advisory provides specific guidance on identifying account takeover activity that aligns with the details of the transaction summary.","## Transaction Overview
A transaction was initiated, resulting in the transfer of $526,119.49 from the origin account to the destination account. This transfer completely depleted the origin account, changing its balance from $526,119.49 to $0.00. However, the destination account's balance remained unchanged at $0.00 following the transaction, indicating a discrepancy. The expected outcome would have been for the destination account's balance to increase by $526,119.49, but instead, a balance error of $526,119.49 was recorded.

## Red Flags Identified
Several red flags are associated with this transaction. Firstly, the origin account was fully drained in a single transaction, which is unusual and may indicate unauthorized access. Secondly, the destination account did not reflect the expected increase in balance after receiving the transfer, suggesting potential fraud or technical issues. These anomalies are inconsistent with normal account activity and warrant further investigation.

## Typology Match
The characteristics of this transaction align with the ACCOUNT TAKEOVER / UNAUTHORIZED ACCESS FRAUD category, as described in the FinCEN advisory (FIN-2011-A016.pdf). The advisory outlines that account takeover activity often involves unauthorized access to sensitive information and may result in sudden, uncharacteristic transactions. The specifics of this transaction, including the complete depletion of the origin account and the failure of the destination account to update its balance, match the patterns described in the advisory, indicating a strong typology match.

## Recommended Action
Based on the analysis, it is recommended to file a Suspicious Activity Report (SAR) with FinCEN. The evidence supports the classification of this transaction as potential account takeover/unauthorized access fraud, and the discrepancies in account balances suggest a significant risk of illicit activity. Filing a SAR will facilitate further investigation and potential action by regulatory and law enforcement agencies to mitigate any associated risks and prevent further fraudulent activity.","[""FIN-2011-A016.pdf"", ""FIN-2011-A016.pdf"", ""FIN-2011-A016.pdf"", ""FIN-2011-A016.pdf"", ""FIN-2011-A016.pdf"", ""FIN-2011-A016.pdf"", ""FIN-2016-A003.pdf"", ""ML_using_new_payment_methods.pdf""]",Account Takeover,Weak
6,5,"This transaction involves a transfer of $36,996.83 from the origin account, which was fully drained as a result. The origin account balance decreased from $36,996.83 to $0.00, while the destination account balance remained at $0.00, despite the transfer. The transaction resulted in a balance error at the destination account, with a discrepancy of $36,996.83. This suggests that the transferred funds did not successfully credit to the destination account.",malware credential theft sudden wire transfer unusual account activity account takeover unauthorized access,"The evidence supports the category of ACCOUNT TAKEOVER / UNAUTHORIZED ACCESS FRAUD. This classification is justified by the FinCEN advisory (FIN-2011-A016.pdf) which describes account takeover activity as involving ""unauthorized access to accounts"" and ""illicit intrusions into a customer’s account"", consistent with the transaction summary's indication of a fully drained origin account and a balance error at the destination account. The advisory also mentions ""sudden wire transfers"" as a potential indicator of account takeover activity, which aligns with the transaction summary's description of a single transfer of $36,996.83. The match is strong, as the FinCEN advisory provides specific guidance on identifying account takeover activity that closely matches the characteristics of the transaction in question.","## Transaction Overview
The transaction in question involves a transfer of $36,996.83 from an origin account, which was fully drained as a result, with its balance decreasing from $36,996.83 to $0.00. The destination account, however, remained at a balance of $0.00 despite the transfer, resulting in a balance error with a discrepancy of $36,996.83. This indicates that the transferred funds did not successfully credit to the destination account.

## Red Flags Identified
Several red flags have been identified in this transaction. Firstly, the origin account was fully drained in a single transaction, which is unusual and may indicate unauthorized access. Secondly, the destination account did not reflect the transferred amount, suggesting a potential issue with the transaction's legitimacy or a technical error that could be exploited for fraudulent purposes. These anomalies suggest that the transaction may not have been conducted in the normal course of business.

## Typology Match
The characteristics of this transaction align with the typology of ACCOUNT TAKEOVER / UNAUTHORIZED ACCESS FRAUD, as described in the FinCEN advisory FIN-2011-A016.pdf. The advisory outlines indicators of account takeover activity, including unauthorized access to accounts, illicit intrusions into a customer’s account, and sudden wire transfers. The transaction in question matches these indicators, given the full drainage of the origin account and the sudden, large transfer that did not successfully credit to the destination account. This match suggests a strong likelihood of account takeover activity.

## Recommended Action
Based on the analysis, it is recommended to file a Suspicious Activity Report (SAR) with FinCEN. The evidence supports the classification of this transaction as potential account takeover/unauthorized access fraud, which warrants further investigation and reporting to regulatory authorities. Filing a SAR will facilitate the sharing of information among financial institutions and law enforcement agencies, potentially preventing further fraudulent activity and aiding in the recovery of lost funds. Additionally, the transaction should be escalated for manual review to ensure all necessary steps are taken to protect the customer's account and to comply with regulatory requirements.","[""FIN-2011-A016.pdf"", ""FIN-2011-A016.pdf"", ""FIN-2011-A016.pdf"", ""FIN-2011-A016.pdf"", ""FIN-2011-A016.pdf"", ""FIN-2011-A016.pdf"", ""FIN-2016-A003.pdf"", ""ML_using_new_payment_methods.pdf""]",Account Takeover,Strong
7,6,"The transaction is a transfer of $7,316,255.05, which appears to have been attempted from an origin account with a balance of $17,316,255.05. However, the origin and destination balances before and after the transaction remain unchanged, indicating a potential issue with the transaction processing. The balance error calculations suggest that the transaction amount was not successfully deducted from the origin account or added to the destination account. The destination account balance remained at $0.00, despite the attempted transfer.",suspicious activity report large transaction financial institution monitoring red flags,"The evidence supports the category of ACCOUNT TAKEOVER / UNAUTHORIZED ACCESS FRAUD. This classification is justified by the FinCEN advisory (FIN-2011-A016) which describes account takeover activity and methods used by cybercriminals to gain access to accounts, including malware and spyware. The transaction summary also suggests a potential issue with the transaction processing, with the origin and destination balances remaining unchanged, which could indicate an unauthorized access attempt. However, the match is somewhat weak, as the excerpts do not provide a direct link between the transaction summary and the account takeover activity, but the FinCEN advisory provides relevant context for considering this type of fraud.","## Transaction Overview
The subject transaction involves a transfer of $7,316,255.05 from an origin account with a balance of $17,316,255.05. Notably, the transaction did not result in a change to the balances of either the origin or destination accounts, with the origin account balance remaining at $17,316,255.05 and the destination account balance staying at $0.00. This discrepancy suggests a potential issue with the processing of the transaction.

## Red Flags Identified
Several red flags have been identified in relation to this transaction. Firstly, the transaction amount of $7,316,255.05 was not successfully deducted from the origin account, indicating a possible failure or interruption in the transaction processing. Secondly, the destination account, which had a balance of $0.00 before the transaction, did not receive the transferred amount, further highlighting the irregularity of the transaction. These anomalies raise concerns about the legitimacy and authorization of the transaction.

## Typology Match
The characteristics of this transaction align with the category of ACCOUNT TAKEOVER / UNAUTHORIZED ACCESS FRAUD, as described in the FinCEN advisory (FIN-2011-A016). Although the direct link between the transaction summary and account takeover activity is not strongly established, the advisory provides context that supports considering this type of fraud. The potential issue with transaction processing, where balances remain unchanged, could indicate an attempt at unauthorized access or manipulation of the accounts involved.

## Recommended Action
Given the red flags identified and the typology match with ACCOUNT TAKEOVER / UNAUTHORIZED ACCESS FRAUD, it is recommended to file a Suspicious Activity Report (SAR) with FinCEN. The unusual nature of the transaction, coupled with the potential for unauthorized access, warrants further investigation and reporting to regulatory authorities. Additionally, the transaction should be escalated for manual review to ensure that all necessary steps are taken to secure the accounts involved and prevent potential further fraudulent activity.","[""2004_2005_ML_Typologies_ENG.pdf"", ""2004_2005_ML_Typologies_ENG.pdf"", ""2004_2005_ML_Typologies_ENG.pdf"", ""2004_2005_ML_Typologies_ENG.pdf"", ""2004_2005_ML_Typologies_ENG.pdf"", ""FIN-2011-A016.pdf"", ""FIN-2011-A016.pdf"", ""FIN-2016-A003.pdf"", ""FIN-2016-A003.pdf""]",Account Takeover,Weak
8,7,"The transaction is a transfer of $609,400.88, which completely drained the origin account. Notably, the destination account balance remained at $0.00 after the transaction, despite the large transfer amount. This resulted in a balance error at the destination account of $609,400.88, indicating a discrepancy in the transaction processing.",malware credential theft sudden wire transfer unusual account activity account takeover unauthorized access,"The evidence supports the category of ACCOUNT TAKEOVER / UNAUTHORIZED ACCESS FRAUD. The transaction summary's description of the origin account being completely drained and the destination account balance remaining at $0.00, indicating a discrepancy in the transaction processing, is consistent with the account takeover activity described in FIN-2011-A016.pdf. This document advises financial institutions on identifying account takeover activity, which includes unauthorized access to accounts through methods such as malware, spyware, and social engineering, resulting in irregularities like sudden wire transfers. The match is strong, as the transaction summary's details align with the characteristics of account takeover activity outlined in the FinCEN advisory.","## Transaction Overview
The subject transaction involves a transfer of $609,400.88 from an origin account to a destination account. Notably, this transfer completely depleted the funds in the origin account. However, despite receiving this large sum, the destination account's balance remained at $0.00, indicating a significant discrepancy in the transaction processing. This discrepancy has resulted in a balance error of $609,400.88 in the destination account.

## Red Flags Identified
Several red flags have been identified in this transaction. Firstly, the complete draining of the origin account in a single transaction is unusual and warrants scrutiny. Secondly, the destination account's balance remaining unchanged at $0.00 after receiving a substantial transfer amount is highly irregular. This suggests potential manipulation or fraud related to the transaction. These irregularities collectively point towards potential unauthorized access or fraudulent activity.

## Typology Match
The characteristics of this transaction align closely with the typology of ACCOUNT TAKEOVER / UNAUTHORIZED ACCESS FRAUD, as described in FIN-2011-A016.pdf. The advisory outlines that account takeover activity often involves unauthorized access to accounts through various means such as malware, spyware, and social engineering, leading to irregular transactions like sudden, large wire transfers. The specifics of this transaction, including the complete draining of the origin account and the discrepancy in the destination account's balance, match the patterns of account takeover activity outlined in the FinCEN advisory.

## Recommended Action
Given the strong match with the typology of account takeover/unauthorized access fraud and the presence of significant red flags, it is recommended to file a Suspicious Activity Report (SAR) with FinCEN. This transaction's characteristics suggest a high likelihood of fraudulent activity, and reporting it will facilitate further investigation and potential prevention of similar incidents. Additionally, the transaction should be escalated for manual review to ensure all relevant details are considered and to determine if any additional actions are required to protect the accounts and prevent further potential fraud.","[""FIN-2011-A016.pdf"", ""FIN-2011-A016.pdf"", ""FIN-2011-A016.pdf"", ""FIN-2011-A016.pdf"", ""FIN-2011-A016.pdf"", ""FIN-2011-A016.pdf"", ""FIN-2016-A003.pdf"", ""ML_using_new_payment_methods.pdf""]",Account Takeover,Strong
9,8,"The transaction involved a transfer of $1,011,249.64 from the origin account, which was fully drained as a result. The destination account balance remained at $0.00 despite the transfer, indicating a discrepancy. A balance error of $1,011,249.64 was recorded at the destination account. The transaction resulted in the origin account being emptied, but the destination account showed no change in balance.",malware credential theft sudden wire transfer unusual account activity account takeover unauthorized access,"The evidence supports the category of ACCOUNT TAKEOVER / UNAUTHORIZED ACCESS FRAUD. The transaction summary indicates a discrepancy in the destination account balance, suggesting unauthorized access, which is consistent with the description of account takeover activity in FIN-2011-A016.pdf. This document advises financial institutions on identifying account takeover activity, including irregularities such as sudden wire transfers, which is similar to the transaction in question. The match is strong, as the excerpts from FIN-2011-A016.pdf specifically mention wire transfer fraud and account takeover fraud, which aligns with the details of the transaction summary.","## Transaction Overview
The transaction in question involved a transfer of $1,011,249.64 from an origin account to a destination account. Notably, the origin account was fully drained as a result of this transaction. However, the destination account balance remained unchanged at $0.00, despite the significant transfer. This discrepancy is highlighted by a recorded balance error of $1,011,249.64 at the destination account, indicating that the funds did not successfully post to the intended account.

## Red Flags Identified
Several red flags are evident in this transaction. The primary concern is the discrepancy between the transfer amount and the lack of change in the destination account balance, suggesting a potential issue with the transaction's legitimacy. Additionally, the fact that the origin account was completely emptied while the destination account showed no update raises suspicions about the authenticity of the transaction. These irregularities point towards possible unauthorized access or fraudulent activity.

## Typology Match
The characteristics of this transaction align with the category of ACCOUNT TAKEOVER / UNAUTHORIZED ACCESS FRAUD, as described in FIN-2011-A016.pdf. This guidance document outlines indicators of account takeover activity, including sudden and unexplained wire transfers, which is consistent with the details of the transaction in question. The strong match between the transaction's features and the typology described in FIN-2011-A016.pdf, particularly the aspects related to wire transfer fraud and account takeover fraud, supports the classification of this activity as suspicious.

## Recommended Action
Given the red flags identified and the typology match, it is recommended to file a Suspicious Activity Report (SAR) regarding this transaction. The discrepancies and potential for unauthorized access or fraud warrant further investigation and reporting to regulatory authorities. Escalation for manual review may also be considered to ensure that all relevant details are thoroughly examined and to determine if additional actions are necessary to protect the accounts and prevent potential future fraudulent activities.","[""FIN-2011-A016.pdf"", ""FIN-2011-A016.pdf"", ""FIN-2011-A016.pdf"", ""FIN-2011-A016.pdf"", ""FIN-2011-A016.pdf"", ""FIN-2011-A016.pdf"", ""FIN-2016-A003.pdf"", ""ML_using_new_payment_methods.pdf""]",Account Takeover,Strong
10,9,"This transaction involves a transfer of $1,367,070.94 from the origin account, which was fully drained as a result. The origin account balance decreased from $1,367,070.94 to $0.00, while the destination account balance remained at $0.00, despite the transfer. A balance error of $1,367,070.94 was recorded at the destination account. The transaction is unusual in that the destination account balance did not change, indicating a potential discrepancy.",malware credential theft sudden wire transfer unusual account activity account takeover unauthorized access,"The evidence supports the category of ACCOUNT TAKEOVER / UNAUTHORIZED ACCESS FRAUD. This classification is justified by the FinCEN advisory (FIN-2011-A016.pdf) which describes account takeover activity as involving ""unauthorized access to accounts"" and ""illicit intrusions into a customer's account"", and the transaction summary showing a single account being rapidly drained. The fact that the destination account balance did not change despite the transfer also suggests a potential discrepancy, which is consistent with account takeover activity. The match is strong, as the FinCEN advisory provides specific guidance on identifying account takeover activity, including unusual transactions and changes to customer and account profiles, which aligns with the unusual transaction pattern observed in the transaction summary.","## Transaction Overview
A transaction was identified involving a transfer of $1,367,070.94 from an origin account to a destination account. The origin account was fully drained as a result, with its balance decreasing from $1,367,070.94 to $0.00. Notably, the destination account balance remained at $0.00 despite the transfer, and a balance error of $1,367,070.94 was recorded at the destination account. This discrepancy suggests a potential issue with the transaction.

## Red Flags Identified
Several red flags were identified in this transaction. The primary concern is the unusual nature of the transfer, where the destination account balance did not change despite receiving a significant amount of funds. This indicates a potential discrepancy or error in the transaction processing. Additionally, the rapid draining of the origin account in a single transaction is a suspicious activity that warrants further review.

## Typology Match
The evidence supports categorizing this activity as ACCOUNT TAKEOVER / UNAUTHORIZED ACCESS FRAUD, as described in the FinCEN advisory (FIN-2011-A016.pdf). The advisory outlines characteristics of account takeover activity, including unauthorized access to accounts and illicit intrusions into a customer's account. The transaction in question aligns with these characteristics, particularly given the unusual transaction pattern and the potential discrepancy indicated by the unchanged destination account balance.

## Recommended Action
Based on the analysis, it is recommended to file a Suspicious Activity Report (SAR) with FinCEN. The unusual transaction pattern, combined with the potential discrepancy and the match with the ACCOUNT TAKEOVER / UNAUTHORIZED ACCESS FRAUD typology, justify further reporting and investigation. Filing a SAR will facilitate a more thorough review of the transaction and potentially related activities, contributing to the prevention and detection of illicit financial activities.","[""FIN-2011-A016.pdf"", ""FIN-2011-A016.pdf"", ""FIN-2011-A016.pdf"", ""FIN-2011-A016.pdf"", ""FIN-2011-A016.pdf"", ""FIN-2011-A016.pdf"", ""FIN-2016-A003.pdf"", ""ML_using_new_payment_methods.pdf""]",Account Takeover,Strong
11,10,"The transaction is a transfer of $54,994.10, which completely drained the origin account. Notably, the destination account balance remained at $0.00 after the transaction, despite the large transfer amount. The data indicates a balance error at the destination account, with a discrepancy of $54,994.10. This suggests that the transferred funds did not update the destination account balance as expected.",malware credential theft sudden wire transfer unusual account activity account takeover unauthorized access,"The evidence supports the category of ACCOUNT TAKEOVER / UNAUTHORIZED ACCESS FRAUD. The transaction summary indicates a balance error at the destination account, suggesting that the transferred funds did not update the destination account balance as expected, which is consistent with account takeover activity as described in FIN-2011-A016.pdf. This document advises financial institutions to identify account takeover activity, which may involve unauthorized access to accounts through malware, spyware, or other means, and may result in sudden wire transfers or changes to customer and account profiles. The match is strong, as the transaction summary's description of a large transfer that completely drained the origin account and did not update the destination account balance is consistent with the account takeover scenarios described in the FinCEN advisory.","## Transaction Overview
The subject transaction involves a transfer of $54,994.10 from an origin account to a destination account. Notably, this transfer completely depleted the funds in the origin account. However, despite the significant transfer amount, the balance in the destination account remained at $0.00, indicating a discrepancy of $54,994.10. This suggests a potential issue with how the transaction was processed or recorded at the destination account.

## Red Flags Identified
Several red flags are associated with this transaction. Firstly, the complete drainage of the origin account raises concerns about the legitimacy and authorization of the transfer. Secondly, the failure of the destination account balance to update following the receipt of a large transfer amount indicates a potential balance error or manipulation. These anomalies suggest unauthorized or fraudulent activity may be involved.

## Typology Match
The characteristics of this transaction align with the typology of ACCOUNT TAKEOVER / UNAUTHORIZED ACCESS FRAUD, as described in FIN-2011-A016.pdf. The advisory highlights the importance of identifying account takeover activity, which can involve unauthorized access to accounts through various malicious means, leading to unexpected transactions or changes in account profiles. The scenario presented, where a large transfer does not update the destination account balance as expected, is consistent with account takeover scenarios outlined in the FinCEN advisory, indicating a strong match.

## Recommended Action
Given the red flags identified and the typology match with account takeover/unauthorized access fraud, it is recommended to file a Suspicious Activity Report (SAR) with FinCEN. The unusual nature of the transaction, combined with the potential for fraud, warrants further investigation and reporting to regulatory authorities. Additionally, the transaction should be escalated for manual review to ensure all necessary steps are taken to protect the accounts involved and to comply with regulatory requirements.","[""FIN-2011-A016.pdf"", ""FIN-2011-A016.pdf"", ""FIN-2011-A016.pdf"", ""FIN-2011-A016.pdf"", ""FIN-2011-A016.pdf"", ""FIN-2011-A016.pdf"", ""FIN-2016-A003.pdf"", ""ML_using_new_payment_methods.pdf""]",Account Takeover,Strong
12,11,"The transaction is a transfer of $45,053.05, which completely drained the origin account. Notably, the destination account balance remained at $0.00 after the transaction, despite the large transfer amount. The data indicates a balance error at the destination account, with a discrepancy of $45,053.05. This suggests that the transferred funds did not update the destination account balance as expected.",malware credential theft sudden wire transfer unusual account activity account takeover unauthorized access,"The evidence supports the category of ACCOUNT TAKEOVER / UNAUTHORIZED ACCESS FRAUD. The transaction summary indicates a balance error at the destination account, suggesting that the transferred funds did not update the destination account balance as expected, which is consistent with account takeover activity as described in FIN-2011-A016.pdf. This document advises financial institutions to identify account takeover activity, which may involve unauthorized access to accounts through malware, spyware, or other means, and may result in sudden wire transfers or changes to customer and account profiles. The match is strong, as the transaction summary's description of a large transfer that completely drained the origin account and did not update the destination account balance is consistent with the account takeover scenarios described in the FinCEN advisory.","## Transaction Overview
The subject transaction involves a transfer of $45,053.05 from an origin account to a destination account. Notably, this transfer completely depleted the funds in the origin account. However, despite the significant amount transferred, the balance in the destination account remained at $0.00, indicating a discrepancy of $45,053.05. This suggests a potential issue with how the transaction was processed or recorded at the destination account.

## Red Flags Identified
Several red flags are evident in this transaction. Firstly, the complete drainage of the origin account raises concerns about the legitimacy and authorization of the transfer. Secondly, the failure of the destination account balance to update following the receipt of a large transfer amount indicates a potential error or manipulation in account management. These anomalies suggest unauthorized activity or fraud, particularly given the significant amount involved and the apparent discrepancy in account balances.

## Typology Match
The characteristics of this transaction align with the typology of ACCOUNT TAKEOVER / UNAUTHORIZED ACCESS FRAUD, as described in FIN-2011-A016.pdf. The advisory highlights the importance of identifying account takeover activity, which may involve unauthorized access to accounts through various malicious means. The sudden, large transfer that does not result in an expected update to the destination account balance is consistent with scenarios of account takeover. This match is strong, given the transaction's details and the advisory's guidelines for identifying such fraudulent activities.

## Recommended Action
Based on the analysis, it is recommended to file a Suspicious Activity Report (SAR) with FinCEN. The evidence supporting account takeover/unauthorized access fraud, combined with the significant amount of the transaction and the apparent balance discrepancy, warrants further investigation and reporting to regulatory authorities. Filing a SAR will facilitate the sharing of this suspicious activity with law enforcement and other financial institutions, potentially aiding in the prevention of further fraudulent activities and the protection of customer assets.","[""FIN-2011-A016.pdf"", ""FIN-2011-A016.pdf"", ""FIN-2011-A016.pdf"", ""FIN-2011-A016.pdf"", ""FIN-2011-A016.pdf"", ""FIN-2011-A016.pdf"", ""FIN-2016-A003.pdf"", ""ML_using_new_payment_methods.pdf""]",Account Takeover,Strong
13,12,"The transaction is a transfer of $334,890.91, which completely drained the origin account. Notably, the destination account balance remained at $0.00 after the transaction, despite the large transfer amount. The data indicates a balance error at the destination account, with a discrepancy of $334,890.91. This suggests that the transferred funds did not update the destination account balance as expected.",malware credential theft sudden wire transfer unusual account activity account takeover unauthorized access,"The evidence supports the category of ACCOUNT TAKEOVER / UNAUTHORIZED ACCESS FRAUD. The transaction summary indicates a balance error at the destination account, suggesting that the transferred funds did not update the destination account balance as expected, which is consistent with account takeover activity as described in FIN-2011-A016.pdf. This document advises financial institutions on identifying account takeover activity, including irregularities such as sudden wire transfers, which is relevant to the large transfer amount of $334,890.91 in the transaction summary. The match is strong, as the excerpts from FIN-2011-A016.pdf provide specific guidance on account takeover activity that aligns with the characteristics of the transaction.","## Transaction Overview
The subject transaction involves a transfer of $334,890.91 from an origin account, which resulted in the complete depletion of the origin account's funds. Notably, despite the significant transfer amount, the destination account's balance remained unchanged at $0.00, indicating a discrepancy of $334,890.91. This suggests a potential issue with how the transaction was processed at the destination account.

## Red Flags Identified
Several red flags have been identified in relation to this transaction. Firstly, the large transfer amount of $334,890.91, which completely drained the origin account, is unusual and warrants scrutiny. Secondly, the failure of the destination account's balance to update following the transfer, resulting in a significant balance discrepancy, is a clear irregularity. These factors collectively raise concerns about the legitimacy and authorization of the transaction.

## Typology Match
The characteristics of the transaction align with the typology of ACCOUNT TAKEOVER / UNAUTHORIZED ACCESS FRAUD, as described in FIN-2011-A016.pdf. The guidance provided in this document highlights irregularities such as sudden large wire transfers as indicative of potential account takeover activity. The transaction in question, with its large transfer amount and the associated balance discrepancy at the destination account, matches the described typology closely. This suggests that the transaction may be an instance of unauthorized access or account takeover fraud.

## Recommended Action
Given the red flags identified and the match with the ACCOUNT TAKEOVER / UNAUTHORIZED ACCESS FRAUD typology, it is recommended that a Suspicious Activity Report (SAR) be filed. The unusual nature of the transaction, combined with the potential for fraud, necessitates further investigation and reporting to the appropriate regulatory authorities. Additionally, the transaction should be escalated for manual review to ensure that all necessary steps are taken to mitigate any potential risk and to comply with regulatory requirements.","[""FIN-2011-A016.pdf"", ""FIN-2011-A016.pdf"", ""FIN-2011-A016.pdf"", ""FIN-2011-A016.pdf"", ""FIN-2011-A016.pdf"", ""FIN-2011-A016.pdf"", ""FIN-2016-A003.pdf"", ""ML_using_new_payment_methods.pdf""]",Account Takeover,Strong
14,13,"This transaction is a transfer of $71,867.47, which completely drained the origin account. The destination account balance remained at $0.00 after the transaction, despite the large transfer amount. A balance error of $71,867.47 was recorded at the destination, indicating a discrepancy. The transaction data suggests that the funds were transferred out of the origin account, but did not successfully credit the destination account.",malware credential theft sudden wire transfer unusual account activity account takeover unauthorized access,"The evidence supports the category of ACCOUNT TAKEOVER / UNAUTHORIZED ACCESS FRAUD. The specific source document that justifies this classification is FIN-2011-A016.pdf, which describes account takeover activity as involving ""unauthorized access to PINs, account numbers, and other identifying information"" and notes that such activity may involve ""sudden wire transfers"" that are inconsistent with a customer's normal account activity. The transaction summary's description of a large transfer that completely drained the origin account, with a balance error recorded at the destination, is consistent with the characteristics of account takeover activity described in the FinCEN advisory. The match is strong, as the advisory provides specific guidance on identifying account takeover activity, including the types of transactions and account behavior that may indicate such activity.","## Transaction Overview
The subject transaction involves a transfer of $71,867.47 from an origin account to a destination account. Notably, this transfer completely depleted the funds in the origin account. However, the destination account's balance remained at $0.00 post-transaction, indicating that the funds were not successfully credited. A balance error of $71,867.47 was recorded at the destination account, highlighting a significant discrepancy in the transaction processing.

## Red Flags Identified
Several red flags are evident in this transaction. Firstly, the large transfer amount that completely drained the origin account is unusual and warrants scrutiny. Secondly, the failure of the destination account to reflect the credited amount, despite the origin account being debited, suggests a potential issue with the transaction's legitimacy or processing. The recorded balance error at the destination account further supports the notion that this transaction may not be genuine.

## Typology Match
The characteristics of this transaction align with the account takeover/unauthorized access fraud category, as described in FIN-2011-A016.pdf. This FinCEN advisory outlines that account takeover activity often involves unauthorized access to sensitive information, such as PINs and account numbers, and may be marked by sudden, inconsistent transactions like the one in question. The large, account-draining transfer coupled with the balance discrepancy at the destination account is consistent with the patterns of account takeover activity highlighted in the advisory.

## Recommended Action
Given the strong match between the transaction's characteristics and the indicators of account takeover/unauthorized access fraud, as well as the presence of significant red flags, it is recommended that a Suspicious Activity Report (SAR) be filed. This transaction warrants further investigation to determine the legitimacy of the activity and to assess whether it indeed represents a case of account takeover or unauthorized access fraud. Escalation for manual review is also advised to ensure that all aspects of the transaction are thoroughly examined and appropriate action is taken to protect the accounts and prevent potential further fraudulent activity.","[""FIN-2011-A016.pdf"", ""FIN-2011-A016.pdf"", ""FIN-2011-A016.pdf"", ""FIN-2011-A016.pdf"", ""FIN-2011-A016.pdf"", ""FIN-2011-A016.pdf"", ""FIN-2016-A003.pdf"", ""ML_using_new_payment_methods.pdf""]",Account Takeover,Strong
15,14,"The transaction involved a cash out of $500,905.62 from the origin account, which was fully drained as a result. The destination account received the funds, increasing its balance from $4,867,381.69 to $5,368,287.32. The transaction was recorded with a minor balance error of $0.01 at the destination account. The origin account's balance was reduced to $0.00 with no reported balance error.",rapid full account drain immediate large withdrawal after account access account takeover,"The evidence supports the category of ACCOUNT TAKEOVER / UNAUTHORIZED ACCESS FRAUD. This classification is justified by the FinCEN advisory (FIN-2011-A016.pdf) which describes account takeover activity as involving ""unauthorized access to a customer's account"" and lists indicators such as ""sudden wire transfers"" and ""changes to customer and account profiles"". The transaction summary's description of a single account being fully drained also aligns with the advisory's description of account takeover activity. Although the match is not extremely strong due to the lack of specific details about the transaction, such as evidence of malware or social engineering, the provided information more closely aligns with account takeover fraud than money laundering typology.","## Transaction Overview
The subject transaction involved a cash out of $500,905.62 from the origin account, resulting in the account being fully drained. The funds were transferred to a destination account, increasing its balance from $4,867,381.69 to $5,368,287.32. A minor balance error of $0.01 was recorded at the destination account, while the origin account's balance was reduced to $0.00 with no reported balance error.

## Red Flags Identified
Several red flags are associated with this transaction. The sudden and significant withdrawal of funds, which fully drained the origin account, is a notable indicator. Additionally, the large amount of $500,905.62 being transferred in a single transaction raises suspicions. The minor balance error at the destination account, although small, could indicate potential discrepancies or issues with the transaction.

## Typology Match
The evidence supports a typology match with ACCOUNT TAKEOVER / UNAUTHORIZED ACCESS FRAUD, as described in the FinCEN advisory (FIN-2011-A016.pdf). The advisory outlines indicators of account takeover activity, including sudden wire transfers and changes to customer and account profiles. While the information provided does not include specific details about malware or social engineering, the transaction's characteristics, such as the full drainage of the origin account, align more closely with account takeover fraud than with money laundering typology.

## Recommended Action
Based on the analysis, it is recommended to file a Suspicious Activity Report (SAR) with FinCEN. The transaction's characteristics, including the large amount and sudden nature of the withdrawal, along with the typology match to account takeover fraud, warrant further review and reporting to regulatory authorities. Filing a SAR will facilitate the sharing of information and potential investigation into the suspicious activity.","[""FIN-2011-A016.pdf"", ""FIN-2011-A016.pdf"", ""FIN-2011-A016.pdf"", ""FIN-2011-A016.pdf"", ""FIN-2011-A016.pdf"", ""FIN-2011-A016.pdf"", ""FIN-2011-A016.pdf"", ""FIN-2011-A016.pdf""]",Account Takeover,Strong
16,15,"The transaction is a transfer of $21,516.38, which completely drained the origin account. Notably, the destination account balance remained at $0.00 after the transaction, despite the transfer. The data indicates a balance error at the destination account, with a discrepancy of $21,516.38. This suggests that the transferred funds did not update the destination account balance as expected.",malware credential theft sudden wire transfer unusual account activity account takeover unauthorized access,"The evidence supports the category of ACCOUNT TAKEOVER / UNAUTHORIZED ACCESS FRAUD. This classification is justified by the FinCEN advisory (FIN-2011-A016.pdf) which describes account takeover activity as involving ""unauthorized access to accounts"" and ""illicit intrusions into a customer’s account"", consistent with the transaction summary's indication of a balance error and discrepancy at the destination account. The fact that the destination account balance remained at $0.00 after the transaction, despite the transfer, suggests unauthorized access. The match is strong, as the advisory specifically mentions sudden wire transfers and changes to customer and account profiles as indicators of account takeover activity, which aligns with the transaction summary's details.","## Transaction Overview
The subject transaction involves a transfer of $21,516.38 from an origin account to a destination account. Notably, this transfer completely depleted the origin account. However, despite the significant transfer amount, the destination account balance remained unchanged at $0.00, indicating a discrepancy of $21,516.38. This suggests a potential issue with how the transaction was processed or recorded at the destination account.

## Red Flags Identified
Several red flags are evident in this transaction. Firstly, the complete depletion of the origin account raises concerns about the legitimacy and authorization of the transfer. Secondly, and more critically, the failure of the destination account balance to update following the receipt of $21,516.38 suggests a potential error or manipulation in account management. This discrepancy is a significant indicator of unauthorized activity, as it implies that the transferred funds did not reach the intended account as expected.

## Typology Match
The characteristics of this transaction align with the typology of ACCOUNT TAKEOVER / UNAUTHORIZED ACCESS FRAUD, as described in the FinCEN advisory (FIN-2011-A016.pdf). The advisory outlines indicators of account takeover activity, including unauthorized access to accounts and sudden, unexplained changes in account activity or profile information. The transaction in question, with its unexplained balance discrepancy at the destination account and the complete drainage of the origin account, matches these indicators closely. The fact that the destination account did not reflect the transferred amount supports the conclusion that this transaction may involve illicit intrusion into a customer’s account.

## Recommended Action
Given the strong indicators of ACCOUNT TAKEOVER / UNAUTHORIZED ACCESS FRAUD and the significant balance discrepancy, it is recommended to file a Suspicious Activity Report (SAR) with FinCEN. This action is necessary to report the suspicious transaction and to comply with regulatory requirements aimed at combating financial fraud and protecting customer assets. Additionally, the matter should be escalated for manual review to investigate the cause of the balance discrepancy and to verify the legitimacy of the transaction, ensuring that appropriate measures are taken to secure affected accounts and prevent further unauthorized activity.","[""FIN-2011-A016.pdf"", ""FIN-2011-A016.pdf"", ""FIN-2011-A016.pdf"", ""FIN-2011-A016.pdf"", ""FIN-2011-A016.pdf"", ""FIN-2011-A016.pdf"", ""FIN-2016-A003.pdf"", ""ML_using_new_payment_methods.pdf""]",Account Takeover,Strong
17,16,"The transaction involved a cash out of $171,788.82 from the origin account, which was fully drained as a result. The destination account's balance increased, but the final balance was not updated correctly, resulting in a balance error of $191,750.82. The transaction was recorded as a CASH_OUT type. The destination account's balance was updated to zero after the transaction, despite the large increase, indicating a discrepancy in the transaction processing.",rapid full account drain immediate large withdrawal after account access account takeover,"The evidence supports the category of ACCOUNT TAKEOVER / UNAUTHORIZED ACCESS FRAUD. The FinCEN advisory (FIN-2011-A016.pdf) provides guidance on identifying account takeover activity, which includes ""unusual"" and ""sudden"" transactions, and notes that account takeovers often involve unauthorized access to account information. The transaction summary's description of a cash out that fully drained the origin account, resulting in a balance error, is consistent with the characteristics of account takeover activity described in the advisory. Although the match is not extremely strong, the advisory's discussion of account takeover activity and suspicious transaction patterns provides a more plausible explanation for the transaction than the characteristics of money laundering typologies.","## Transaction Overview
The subject transaction involved a cash out of $171,788.82 from the origin account, which was fully drained as a result. The transaction was recorded as a CASH_OUT type and was intended to transfer funds to a destination account. However, the destination account's balance was updated to zero after the transaction, despite the large increase, indicating a discrepancy in the transaction processing. This resulted in a balance error of $191,750.82.

## Red Flags Identified
Several red flags were identified in this transaction. Firstly, the transaction fully drained the origin account, which is an unusual activity that may indicate unauthorized access. Secondly, the destination account's balance was updated to zero after the transaction, which is inconsistent with the expected outcome of a large cash transfer. This discrepancy suggests a potential issue with the transaction processing. Lastly, the resulting balance error of $191,750.82 is a significant amount that warrants further investigation.

## Typology Match
The evidence supports the category of ACCOUNT TAKEOVER / UNAUTHORIZED ACCESS FRAUD, as described in the FinCEN advisory (FIN-2011-A016.pdf). The advisory provides guidance on identifying account takeover activity, which includes ""unusual"" and ""sudden"" transactions. The transaction summary's description of a cash out that fully drained the origin account, resulting in a balance error, is consistent with the characteristics of account takeover activity described in the advisory. Although the match is not extremely strong, the advisory's discussion of account takeover activity and suspicious transaction patterns provides a more plausible explanation for the transaction than the characteristics of money laundering typologies.

## Recommended Action
Based on the analysis, it is recommended to file a Suspicious Activity Report (SAR) with FinCEN. The transaction exhibits characteristics consistent with account takeover activity, and the resulting balance error and discrepancy in transaction processing warrant further investigation. Filing a SAR will allow for a more thorough review of the transaction and potentially prevent further unauthorized activity. Additionally, the destination account should be reviewed for any other suspicious activity, and the origin account holder should be notified of the potential account takeover.","[""FIN-2011-A016.pdf"", ""FIN-2011-A016.pdf"", ""FIN-2011-A016.pdf"", ""FIN-2011-A016.pdf"", ""FIN-2011-A016.pdf"", ""FIN-2011-A016.pdf"", ""FIN-2011-A016.pdf"", ""FIN-2011-A016.pdf""]",Account Takeover,Strong
18,17,"The transaction involved a transfer of $4,731,371.88 from the origin account, which was fully drained as a result. The origin account balance decreased from $4,731,371.88 to $0.00, with no balance error reported. However, the destination account balance remained at $0.00 after the transaction, despite the large transfer amount, and a balance error of $4,731,371.88 was reported for the destination account. This suggests a discrepancy in the transaction processing, as the transferred amount did not update the destination account balance.",malware credential theft sudden wire transfer unusual account activity account takeover unauthorized access,"The evidence supports the category of ACCOUNT TAKEOVER / UNAUTHORIZED ACCESS FRAUD. This classification is justified by the FinCEN advisory (FIN-2011-A016.pdf) which describes account takeover activity as involving ""unauthorized access to PINs, account numbers, and other identifying information"" and notes that such activity may involve ""sudden wire transfers"" that are inconsistent with a customer's normal account activity. The transaction summary's description of a large transfer that fully drained the origin account, with a resulting balance error in the destination account, is consistent with the advisory's description of account takeover activity. The match is strong, as the advisory provides specific guidance on identifying and reporting account takeover activity that aligns with the details of the transaction summary.","## Transaction Overview
The subject transaction involved a large transfer of $4,731,371.88 from an origin account, which was fully depleted as a result, with its balance decreasing from $4,731,371.88 to $0.00. Notably, despite the significant transfer amount, the destination account balance remained unchanged at $0.00, and a balance error of $4,731,371.88 was reported for this account. This discrepancy suggests an irregularity in the transaction processing, as the transferred funds did not update the destination account balance as expected.

## Red Flags Identified
Several red flags are evident in this transaction. Firstly, the large transfer amount that fully drained the origin account is unusual and warrants scrutiny. Secondly, the failure of the destination account balance to reflect the transferred amount, coupled with a reported balance error, indicates a potential issue with the transaction's legitimacy or processing. These factors, particularly the sudden and significant transfer inconsistent with normal account activity, raise concerns about potential fraudulent activity.

## Typology Match
The characteristics of this transaction align with the typology of ACCOUNT TAKEOVER / UNAUTHORIZED ACCESS FRAUD, as described in the FinCEN advisory FIN-2011-A016.pdf. This advisory outlines that account takeover activity often involves unauthorized access to sensitive information, such as PINs and account numbers, and may be characterized by sudden, large wire transfers that are inconsistent with a customer's typical account behavior. The transaction in question, with its large transfer amount and resulting balance discrepancies, matches the advisory's description of account takeover activity, suggesting a strong typology match.

## Recommended Action
Given the red flags identified and the strong match with the ACCOUNT TAKEOVER / UNAUTHORIZED ACCESS FRAUD typology, it is recommended to file a Suspicious Activity Report (SAR) with FinCEN. This action is necessary to report the suspicious transaction and to comply with regulatory requirements aimed at detecting and preventing financial crimes. Additionally, the transaction should be escalated for manual review to further investigate the circumstances surrounding the transfer and to determine if any additional measures are required to protect the accounts and prevent potential future fraudulent activity.","[""FIN-2011-A016.pdf"", ""FIN-2011-A016.pdf"", ""FIN-2011-A016.pdf"", ""FIN-2011-A016.pdf"", ""FIN-2011-A016.pdf"", ""FIN-2011-A016.pdf"", ""FIN-2016-A003.pdf"", ""ML_using_new_payment_methods.pdf""]",Account Takeover,Strong
19,18,"The transaction is a CASH_OUT of $1,334,919.42, which completely depleted the origin account balance from $1,334,919.42 to $0.00. The destination account received the funds, increasing its balance from $2,565,752.24 to $3,900,671.66. The transaction was successfully processed with no balance errors reported on either the origin or destination accounts. The origin account being fully drained is a notable aspect of this transaction.",rapid full account drain immediate large withdrawal after account access account takeover,"The evidence supports the category of ACCOUNT TAKEOVER / UNAUTHORIZED ACCESS FRAUD. The FinCEN advisory (FIN-2011-A016) provides guidance on identifying account takeover activity, which includes ""unusual"" transactions that deplete an account, such as the CASH_OUT of $1,334,919.42 that completely drained the origin account. The advisory notes that account takeover activity often involves unauthorized access to account information, and the transaction summary's description of the origin account being fully drained is consistent with this type of activity. While the match is not extremely strong, the FinCEN advisory's discussion of account takeover activity and suspicious transaction patterns provides the most relevant guidance for classifying this transaction.","## Transaction Overview
The subject transaction involves a CASH_OUT of $1,334,919.42 from an origin account, resulting in the complete depletion of the account balance from $1,334,919.42 to $0.00. The funds were successfully transferred to a destination account, increasing its balance from $2,565,752.24 to $3,900,671.66. The transaction was processed without any reported balance errors on either account.

## Red Flags Identified
A notable red flag associated with this transaction is the complete depletion of the origin account balance. This unusual activity, where an account is fully drained in a single transaction, warrants further scrutiny. The significant amount of $1,334,919.42 being withdrawn in one transaction also raises concerns about the legitimacy and authorization of the transaction.

## Typology Match
The transaction characteristics align with the ACCOUNT TAKEOVER / UNAUTHORIZED ACCESS FRAUD category, as outlined in the FinCEN advisory (FIN-2011-A016). The advisory highlights that transactions which deplete an account, such as the one in question, can be indicative of account takeover activity. This type of fraud often involves unauthorized access to account information, and the complete drainage of the origin account is consistent with patterns described in the advisory.

## Recommended Action
Based on the analysis, it is recommended to file a Suspicious Activity Report (SAR) with FinCEN. The transaction's characteristics, particularly the complete depletion of the origin account and the significant amount involved, suggest potential account takeover or unauthorized access fraud. Filing a SAR will facilitate further review and investigation into the legitimacy of the transaction and the potential for illicit activity.","[""FIN-2011-A016.pdf"", ""FIN-2011-A016.pdf"", ""FIN-2011-A016.pdf"", ""FIN-2011-A016.pdf"", ""FIN-2011-A016.pdf"", ""FIN-2011-A016.pdf"", ""FIN-2011-A016.pdf"", ""FIN-2011-A016.pdf""]",Account Takeover,Strong
20,19,"The transaction is a CASH_OUT type with an amount of $267,564.83. The origin account had an initial balance of $267,564.83, which was fully depleted to $0.00 after the transaction, indicating that the account was completely drained. The destination account received the full amount, increasing its balance from $0.00 to $267,564.83. The transaction did not result in any balance errors at either the origin or destination accounts.",rapid full account drain immediate large withdrawal after account access account takeover,"The evidence supports the category of ACCOUNT TAKEOVER / UNAUTHORIZED ACCESS FRAUD. This classification is justified by the FinCEN advisory (FIN-2011-A016.pdf) which describes account takeover activity as involving ""unauthorized access to a customer's account"" and notes that such activity may involve ""unusual"" transactions, such as sudden wire transfers or changes to customer and account profiles. The transaction summary, which indicates that the origin account was completely drained in a single transaction, is consistent with the characteristics of account takeover fraud described in the FinCEN advisory. The match is strong, as the advisory provides specific guidance on identifying and reporting account takeover activity, and the transaction summary aligns with the patterns of behavior described in the advisory.","## Transaction Overview
The subject transaction is a CASH_OUT type with a substantial amount of $267,564.83. It originated from an account that had an initial balance of $267,564.83, which was completely depleted to $0.00 following the transaction. Conversely, the destination account, which initially had a balance of $0.00, received the full amount, thereby increasing its balance to $267,564.83. The transaction was executed without any balance discrepancies at either the originating or the destination account.

## Red Flags Identified
Several red flags are evident in this transaction. Firstly, the transaction involves a significant amount of money, $267,564.83, which is substantial enough to warrant scrutiny. Secondly, the origin account was completely drained in a single transaction, suggesting an unusual and potentially unauthorized activity. This sudden and complete depletion of the account balance is a notable anomaly, as typical account activity usually involves a variety of transactions over time rather than a single transaction that empties the account.

## Typology Match
The characteristics of this transaction align with the typology of ACCOUNT TAKEOVER / UNAUTHORIZED ACCESS FRAUD, as described in the FinCEN advisory FIN-2011-A016.pdf. The advisory outlines that account takeover activity often involves unauthorized access to a customer's account, which may result in unusual transactions such as sudden wire transfers or changes to customer and account profiles. The complete drainage of the origin account in a single transaction is consistent with the patterns of behavior indicative of account takeover fraud. The match is considered strong due to the specific guidance provided by the FinCEN advisory on identifying and reporting such activity, which closely aligns with the observed transaction behavior.

## Recommended Action
Based on the analysis, it is recommended to file a Suspicious Activity Report (SAR) with FinCEN. The evidence supporting the classification of this transaction as ACCOUNT TAKEOVER / UNAUTHORIZED ACCESS FRAUD is compelling, given the significant amount involved, the complete depletion of the origin account, and the alignment with known patterns of account takeover activity as outlined by FinCEN. Filing a SAR will facilitate further investigation into the transaction and potentially related activities, contributing to the prevention and mitigation of unauthorized access fraud.","[""FIN-2011-A016.pdf"", ""FIN-2011-A016.pdf"", ""FIN-2011-A016.pdf"", ""FIN-2011-A016.pdf"", ""FIN-2011-A016.pdf"", ""FIN-2011-A016.pdf"", ""FIN-2011-A016.pdf"", ""FIN-2011-A016.pdf""]",Account Takeover,Strong
21,20,"This transaction involves a transfer of $4,104,942.70 from the origin account to the destination account. The origin account was fully drained as a result, with its balance decreasing from $4,104,942.70 to $0.00. However, the destination account balance remained at $0.00 after the transaction, which is unusual as the expected balance after the transfer would be $4,104,942.70. A balance error of $4,104,942.70 was reported for the destination account.",malware credential theft sudden wire transfer unusual account activity account takeover unauthorized access,"The evidence supports the category of ACCOUNT TAKEOVER / UNAUTHORIZED ACCESS FRAUD. This classification is justified by the FinCEN advisory (FIN-2011-A016.pdf) which describes account takeover activity as involving ""unauthorized access to accounts"" and ""exploit[ing] a customer’s account"" through methods such as malware and social engineering. The transaction summary's description of the origin account being fully drained and the destination account balance remaining at $0.00 after the transaction is consistent with the advisory's description of account takeover activity. The match is strong, as the advisory provides specific guidance on identifying and reporting account takeover activity, which aligns with the unusual transaction patterns described in the transaction summary.","## Transaction Overview
A transaction was initiated involving the transfer of $4,104,942.70 from an origin account to a destination account. The origin account's balance was fully depleted as a result, decreasing from $4,104,942.70 to $0.00. However, the destination account's balance remained unchanged at $0.00 after the transaction, indicating a discrepancy. A balance error of $4,104,942.70 was subsequently reported for the destination account.

## Red Flags Identified
Several red flags have been identified in this transaction. Firstly, the origin account was fully drained, which could indicate unauthorized access or account takeover. Secondly, the destination account's balance did not reflect the expected increase after the transfer, suggesting potential fraud or technical issues. The reported balance error for the destination account further supports the presence of suspicious activity.

## Typology Match
The evidence gathered supports a typology match with ACCOUNT TAKEOVER / UNAUTHORIZED ACCESS FRAUD, as described in the FinCEN advisory (FIN-2011-A016.pdf). The advisory outlines characteristics of account takeover activity, including unauthorized access to accounts and exploitation of customer accounts through methods like malware and social engineering. The transaction patterns observed, including the full depletion of the origin account and the unchanged balance of the destination account, align with the advisory's guidance on identifying account takeover activity.

## Recommended Action
Based on the analysis, it is recommended to file a Suspicious Activity Report (SAR) with FinCEN. The unusual transaction patterns, combined with the typology match to account takeover/unauthorized access fraud, warrant further investigation and reporting to regulatory authorities. Filing a SAR will facilitate the sharing of information with law enforcement and other financial institutions to prevent and detect similar fraudulent activities.","[""FIN-2011-A016.pdf"", ""FIN-2011-A016.pdf"", ""FIN-2011-A016.pdf"", ""FIN-2011-A016.pdf"", ""FIN-2011-A016.pdf"", ""FIN-2011-A016.pdf"", ""FIN-2016-A003.pdf"", ""ML_using_new_payment_methods.pdf""]",Account Takeover,Strong
22,21,"The transaction is a transfer of $145,982.36, which completely drained the origin account. Notably, the destination account balance remained at $0.00 after the transaction, despite the large transfer amount. The data indicates a balance error at the destination account, with a discrepancy of $145,982.36. This suggests that the transferred funds did not update the destination account balance as expected.",malware credential theft sudden wire transfer unusual account activity account takeover unauthorized access,"The evidence supports the category of ACCOUNT TAKEOVER / UNAUTHORIZED ACCESS FRAUD. This classification is justified by the FinCEN advisory (FIN-2011-A016.pdf) which describes account takeover activity as involving ""unauthorized access to PINs, account numbers, and other identifying information"" and notes that such activity may involve ""sudden wire transfers"" that are inconsistent with a customer's normal account activity. The transaction summary's description of a large transfer that completely drained the origin account, combined with a balance error at the destination account, is consistent with the characteristics of account takeover fraud described in the FinCEN advisory. The match is strong, as the advisory specifically mentions wire transfers and account balance discrepancies as potential indicators of account takeover activity.","## Transaction Overview
The subject transaction involves a transfer of $145,982.36 from an origin account to a destination account. Notably, this transfer completely depleted the funds in the origin account. However, despite the significant amount transferred, the balance in the destination account remained at $0.00, indicating a discrepancy of $145,982.36. This suggests a potential issue with how the transaction was processed or recorded at the destination account.

## Red Flags Identified
Several red flags are evident in this transaction. Firstly, the large transfer amount that completely drained the origin account is unusual and warrants scrutiny. Secondly, the failure of the destination account balance to update following the transfer, resulting in a significant balance discrepancy, raises concerns about the legitimacy of the transaction. These factors, combined with the sudden and substantial nature of the transfer, are indicative of potential fraudulent activity.

## Typology Match
The characteristics of this transaction align with the typology of ACCOUNT TAKEOVER / UNAUTHORIZED ACCESS FRAUD, as described in the FinCEN advisory FIN-2011-A016.pdf. The advisory highlights that account takeover activity often involves unauthorized access to sensitive information and may be characterized by sudden, inconsistent transactions such as wire transfers. The presence of a large, account-draining transfer coupled with a balance error at the destination account is consistent with the indicators of account takeover fraud outlined in the advisory.

## Recommended Action
Given the strong match with the characteristics of account takeover fraud and the presence of significant red flags, it is recommended that a Suspicious Activity Report (SAR) be filed with FinCEN. The filing of a SAR is appropriate due to the potential that this transaction involves unauthorized access to account information and fraudulent activity. Additionally, the transaction should be escalated for manual review to further investigate the circumstances surrounding the transfer and to determine the appropriate next steps to protect the accounts and prevent potential further fraudulent activity.","[""FIN-2011-A016.pdf"", ""FIN-2011-A016.pdf"", ""FIN-2011-A016.pdf"", ""FIN-2011-A016.pdf"", ""FIN-2011-A016.pdf"", ""FIN-2011-A016.pdf"", ""FIN-2016-A003.pdf"", ""ML_using_new_payment_methods.pdf""]",Account Takeover,Strong
23,22,"The transaction is a CASH_OUT transfer of $115,599.26 from the origin account to the destination account. The origin account was fully drained as a result, with its balance decreasing from $115,599.26 to $0.00. The destination account's balance increased from $2,621,088.84 to $2,736,688.10. The transaction appears to have been executed correctly, with no balance errors reported on either the origin or destination accounts.",rapid full account drain immediate large withdrawal after account access account takeover,"The evidence supports the category of ACCOUNT TAKEOVER / UNAUTHORIZED ACCESS FRAUD. The FinCEN advisory (FIN-2011-A016.pdf) provides guidance on identifying account takeover activity, which includes ""sudden wire transfers"" and ""unauthorized access to PINs, account numbers, and other identifying information"". The transaction summary, which shows a single large transfer that fully drained the origin account, is consistent with the characteristics of account takeover activity described in the advisory. Although the match is not extremely strong due to the limited information provided, the advisory's description of account takeover activity provides a more plausible explanation for the transaction than the characteristics of money laundering typology.","## Transaction Overview
The subject transaction involves a CASH_OUT transfer of $115,599.26 from an origin account to a destination account, resulting in the origin account being fully drained. The transaction was executed correctly, with the origin account's balance decreasing from $115,599.26 to $0.00 and the destination account's balance increasing from $2,621,088.84 to $2,736,688.10.

## Red Flags Identified
The primary red flag identified in this transaction is the sudden and large transfer of funds that fully drained the origin account. This activity is unusual and warrants further scrutiny, as it may indicate unauthorized access to the origin account.

## Typology Match
The transaction characteristics align with the ACCOUNT TAKEOVER / UNAUTHORIZED ACCESS FRAUD category, as described in the FinCEN advisory (FIN-2011-A016.pdf). The advisory highlights ""sudden wire transfers"" and ""unauthorized access to PINs, account numbers, and other identifying information"" as indicators of account takeover activity. Although the match is not extremely strong due to limited information, the characteristics of the transaction are more consistent with account takeover activity than with money laundering typology.

## Recommended Action
Based on the analysis, it is recommended to file a Suspicious Activity Report (SAR) with FinCEN, as the transaction exhibits characteristics consistent with account takeover activity. The sudden and large transfer of funds, which fully drained the origin account, warrants further investigation to determine if the transaction was authorized by the account holder.","[""FIN-2011-A016.pdf"", ""FIN-2011-A016.pdf"", ""FIN-2011-A016.pdf"", ""FIN-2011-A016.pdf"", ""FIN-2011-A016.pdf"", ""FIN-2011-A016.pdf"", ""FIN-2011-A016.pdf"", ""FIN-2011-A016.pdf""]",Account Takeover,Strong
24,23,"This transaction is a transfer of $66,941.04, which completely drained the origin account. The destination account balance remained at $0.00 after the transaction, despite the large transfer amount. The data indicates a balance error at the destination account, with a discrepancy of $66,941.04. This suggests that the transferred funds did not update the destination account balance as expected.",malware credential theft sudden wire transfer unusual account activity account takeover unauthorized access,"The evidence supports the category of ACCOUNT TAKEOVER / UNAUTHORIZED ACCESS FRAUD. This classification is justified by the transaction summary, which indicates a balance error at the destination account, suggesting that the transferred funds did not update the destination account balance as expected, and the FinCEN advisory (FIN-2011-A016.pdf) that discusses account takeover activity, including unauthorized access to accounts through malware, spyware, and other means. The advisory also mentions sudden wire transfers as a potential indicator of account takeover activity, which aligns with the large transfer amount in the transaction summary. The match is strong, as the combination of the transaction summary and the FinCEN advisory provides a clear indication of account takeover activity.","## Transaction Overview
The subject transaction involves a transfer of $66,941.04 from an origin account, which resulted in the complete depletion of the origin account's funds. Notably, despite the significant transfer amount, the destination account's balance remained at $0.00, indicating a discrepancy of $66,941.04. This suggests a potential issue with how the transaction was processed at the destination account.

## Red Flags Identified
Several red flags have been identified in this transaction. Firstly, the large transfer amount that completely drained the origin account raises concerns. Additionally, the failure of the destination account's balance to update following the transfer, resulting in a significant balance discrepancy, is a significant anomaly. These factors collectively suggest that the transaction may not have been legitimate or authorized.

## Typology Match
The characteristics of this transaction align with the typology of ACCOUNT TAKEOVER / UNAUTHORIZED ACCESS FRAUD, as outlined in the FinCEN advisory (FIN-2011-A016.pdf). The advisory highlights indicators of account takeover activity, including unauthorized access to accounts through various malicious means and sudden, large wire transfers. The transaction in question, with its large transfer amount and the resultant balance discrepancy at the destination account, matches these indicators closely, supporting the classification as potential account takeover activity.

## Recommended Action
Based on the analysis, it is recommended to file a Suspicious Activity Report (SAR) with FinCEN. The combination of a large, account-draining transfer and the failure of the destination account to reflect the transaction raises substantial concerns about the legitimacy and authorization of the transaction. Filing a SAR will facilitate further review and investigation into this activity, potentially preventing further unauthorized transactions and aiding in the identification and prosecution of individuals involved in account takeover fraud.","[""FIN-2011-A016.pdf"", ""FIN-2011-A016.pdf"", ""FIN-2011-A016.pdf"", ""FIN-2011-A016.pdf"", ""FIN-2011-A016.pdf"", ""FIN-2011-A016.pdf"", ""FIN-2016-A003.pdf"", ""ML_using_new_payment_methods.pdf""]",Account Takeover,Strong
25,24,"The transaction is a CASH_OUT of $12,855.05, which completely depleted the origin account balance from $12,855.05 to $0.00. The destination account received the funds, increasing its balance from $2,753,536.73 to $2,766,391.78. The transaction was successfully processed with no balance errors reported on either the origin or destination accounts. The origin account being fully drained is a notable aspect of this transaction.",rapid full account drain immediate large withdrawal after account access account takeover,"The evidence supports the category of ACCOUNT TAKEOVER / UNAUTHORIZED ACCESS FRAUD. This classification is justified by the FinCEN advisory (FIN-2011-A016.pdf) which describes account takeover activity as involving ""unauthorized access to a customer's account"" and notes that such activity may involve ""sudden wire transfers"" or ""changes to customer and account profiles"". The fact that the origin account was completely depleted in a single transaction is consistent with the advisory's description of account takeover activity. Although the match is not extremely strong due to the limited information provided, the FinCEN advisory provides more relevant guidance on account takeover fraud than on money laundering typologies, making this classification the more plausible choice.","## Transaction Overview
The subject transaction involves a CASH_OUT of $12,855.05 from an origin account, resulting in the complete depletion of the account balance from $12,855.05 to $0.00. The funds were successfully transferred to a destination account, increasing its balance from $2,753,536.73 to $2,766,391.78. The transaction was processed without any reported balance errors on either account.

## Red Flags Identified
A notable red flag associated with this transaction is the complete depletion of the origin account balance in a single transaction. This sudden and complete withdrawal of funds is an unusual activity that warrants further scrutiny.

## Typology Match
The transaction characteristics align with the ACCOUNT TAKEOVER / UNAUTHORIZED ACCESS FRAUD category, as described in the FinCEN advisory (FIN-2011-A016.pdf). The advisory notes that account takeover activity often involves unauthorized access to a customer's account and may be accompanied by sudden wire transfers or changes to customer and account profiles. Although the match is not extremely strong due to limited information, the complete depletion of the origin account in a single transaction is consistent with the advisory's description of account takeover activity.

## Recommended Action
Based on the analysis, it is recommended to file a Suspicious Activity Report (SAR) due to the potential indication of ACCOUNT TAKEOVER / UNAUTHORIZED ACCESS FRAUD. The complete depletion of the origin account balance in a single transaction, coupled with the alignment of this activity with the FinCEN advisory's description of account takeover fraud, justifies further reporting and investigation to determine the legitimacy of the transaction and to prevent potential further unauthorized activity.","[""FIN-2011-A016.pdf"", ""FIN-2011-A016.pdf"", ""FIN-2011-A016.pdf"", ""FIN-2011-A016.pdf"", ""FIN-2011-A016.pdf"", ""FIN-2011-A016.pdf"", ""FIN-2011-A016.pdf"", ""FIN-2011-A016.pdf""]",Account Takeover,Strong
